store_id,avg_rental_count
1,196.097561
2,195.2195122
